Metric,Pos_Weight,Gamma,Mean,Transfer Learning,Std,Formatted
Accuracy,1.0,2.0,0.9211,FALSE,0.0175,0.9211 ± 0.0175
Accuracy,1.5,2.0,0.9211,FALSE,0.0107,0.9211 ± 0.0107
Accuracy,2.0,2.0,0.9140,FALSE,0.0190,0.9140 ± 0.0190
Accuracy,1.0,2.5,0.9053,FALSE,0.0227,0.9053 ± 0.0227
Accuracy,1.5,2.5,0.9140,FALSE,0.0144,0.9140 ± 0.0144
Accuracy,2.0,2.5,0.8930,FALSE,0.0169,0.8930 ± 0.0169
Accuracy,1.0,3.0,0.9140,FALSE,0.0169,0.9140 ± 0.0169
Accuracy,1.5,3.0,0.9211,FALSE,0.0164,0.9211 ± 0.0164
Accuracy,2.0,3.0,0.8789,FALSE,0.0353,0.8789 ± 0.0353
Accuracy,1.0,3.5,0.8982,FALSE,0.0147,0.8982 ± 0.0147
Accuracy,1.5,3.5,0.9035,FALSE,0.0139,0.9035 ± 0.0139
Accuracy,2.0,3.5,0.8491,FALSE,0.0783,0.8491 ± 0.0783
Accuracy,1.0,2.0,0.9088,TRUE,0.0078,0.9088 ± 0.0078
Accuracy,1.5,2.0,0.9070,TRUE,0.0159,0.9070 ± 0.0159
Accuracy,2.0,2.0,0.9140,TRUE,0.0169,0.9140 ± 0.0169
Accuracy,1.0,2.5,0.9018,TRUE,0.0227,0.9018 ± 0.0227
Accuracy,1.5,2.5,0.9158,TRUE,0.0192,0.9158 ± 0.0192
Accuracy,2.0,2.5,0.9158,TRUE,0.0192,0.9158 ± 0.0192
Accuracy,1.0,3.0,0.9088,TRUE,0.0182,0.9088 ± 0.0182
Accuracy,1.5,3.0,0.9123,TRUE,0.0152,0.9123 ± 0.0152
Accuracy,2.0,3.0,0.8807,TRUE,0.0360,0.8807 ± 0.0360
Accuracy,1.0,3.5,0.9140,TRUE,0.0114,0.9140 ± 0.0114
Accuracy,1.5,3.5,0.8491,TRUE,0.0580,0.8491 ± 0.0580
Accuracy,2.0,3.5,0.8368,TRUE,0.0781,0.8368 ± 0.0781
Balanced_Accuracy,1.0,2.0,0.9211,FALSE,0.0175,0.9211 ± 0.0175
Balanced_Accuracy,1.5,2.0,0.9211,FALSE,0.0107,0.9211 ± 0.0107
Balanced_Accuracy,2.0,2.0,0.9140,FALSE,0.0190,0.9140 ± 0.0190
Balanced_Accuracy,1.0,2.5,0.9053,FALSE,0.0227,0.9053 ± 0.0227
Balanced_Accuracy,1.5,2.5,0.9140,FALSE,0.0144,0.9140 ± 0.0144
Balanced_Accuracy,2.0,2.5,0.8930,FALSE,0.0169,0.8930 ± 0.0169
Balanced_Accuracy,1.0,3.0,0.9140,FALSE,0.0169,0.9140 ± 0.0169
Balanced_Accuracy,1.5,3.0,0.9211,FALSE,0.0164,0.9211 ± 0.0164
Balanced_Accuracy,2.0,3.0,0.8789,FALSE,0.0353,0.8789 ± 0.0353
Balanced_Accuracy,1.0,3.5,0.8982,FALSE,0.0147,0.8982 ± 0.0147
Balanced_Accuracy,1.5,3.5,0.9035,FALSE,0.0139,0.9035 ± 0.0139
Balanced_Accuracy,2.0,3.5,0.8491,FALSE,0.0783,0.8491 ± 0.0783
Balanced_Accuracy,1.0,2.0,0.9088,TRUE,0.0078,0.9088 ± 0.0078
Balanced_Accuracy,1.5,2.0,0.9070,TRUE,0.0159,0.9070 ± 0.0159
Balanced_Accuracy,2.0,2.0,0.9140,TRUE,0.0169,0.9140 ± 0.0169
Balanced_Accuracy,1.0,2.5,0.9018,TRUE,0.0227,0.9018 ± 0.0227
Balanced_Accuracy,1.5,2.5,0.9158,TRUE,0.0192,0.9158 ± 0.0192
Balanced_Accuracy,2.0,2.5,0.9158,TRUE,0.0192,0.9158 ± 0.0192
Balanced_Accuracy,1.0,3.0,0.9088,TRUE,0.0182,0.9088 ± 0.0182
Balanced_Accuracy,1.5,3.0,0.9123,TRUE,0.0152,0.9123 ± 0.0152
Balanced_Accuracy,2.0,3.0,0.8807,TRUE,0.0360,0.8807 ± 0.0360
Balanced_Accuracy,1.0,3.5,0.9140,TRUE,0.0114,0.9140 ± 0.0114
Balanced_Accuracy,1.5,3.5,0.8491,TRUE,0.0580,0.8491 ± 0.0580
Balanced_Accuracy,2.0,3.5,0.8368,TRUE,0.0781,0.8368 ± 0.0781
Cohen_Kappa,1.0,2.0,0.8421,FALSE,0.0351,0.8421 ± 0.0351
Cohen_Kappa,1.5,2.0,0.8421,FALSE,0.0215,0.8421 ± 0.0215
Cohen_Kappa,2.0,2.0,0.8281,FALSE,0.0380,0.8281 ± 0.0380
Cohen_Kappa,1.0,2.5,0.8105,FALSE,0.0454,0.8105 ± 0.0454
Cohen_Kappa,1.5,2.5,0.8281,FALSE,0.0288,0.8281 ± 0.0288
Cohen_Kappa,2.0,2.5,0.7860,FALSE,0.0337,0.7860 ± 0.0337
Cohen_Kappa,1.0,3.0,0.8281,FALSE,0.0337,0.8281 ± 0.0337
Cohen_Kappa,1.5,3.0,0.8421,FALSE,0.0328,0.8421 ± 0.0328
Cohen_Kappa,2.0,3.0,0.7579,FALSE,0.0706,0.7579 ± 0.0706
Cohen_Kappa,1.0,3.5,0.7965,FALSE,0.0294,0.7965 ± 0.0294
Cohen_Kappa,1.5,3.5,0.8070,FALSE,0.0277,0.8070 ± 0.0277
Cohen_Kappa,2.0,3.5,0.6982,FALSE,0.1566,0.6982 ± 0.1566
Cohen_Kappa,1.0,2.0,0.8175,TRUE,0.0157,0.8175 ± 0.0157
Cohen_Kappa,1.5,2.0,0.8140,TRUE,0.0319,0.8140 ± 0.0319
Cohen_Kappa,2.0,2.0,0.8281,TRUE,0.0337,0.8281 ± 0.0337
Cohen_Kappa,1.0,2.5,0.8035,TRUE,0.0454,0.8035 ± 0.0454
Cohen_Kappa,1.5,2.5,0.8316,TRUE,0.0384,0.8316 ± 0.0384
Cohen_Kappa,2.0,2.5,0.8316,TRUE,0.0384,0.8316 ± 0.0384
Cohen_Kappa,1.0,3.0,0.8175,TRUE,0.0364,0.8175 ± 0.0364
Cohen_Kappa,1.5,3.0,0.8246,TRUE,0.0304,0.8246 ± 0.0304
Cohen_Kappa,2.0,3.0,0.7614,TRUE,0.0719,0.7614 ± 0.0719
Cohen_Kappa,1.0,3.5,0.8281,TRUE,0.0229,0.8281 ± 0.0229
Cohen_Kappa,1.5,3.5,0.6982,TRUE,0.1160,0.6982 ± 0.1160
Cohen_Kappa,2.0,3.5,0.6737,TRUE,0.1562,0.6737 ± 0.1562
F1_Macro,1.0,2.0,0.9209,FALSE,0.0177,0.9209 ± 0.0177
F1_Macro,1.5,2.0,0.9210,FALSE,0.0107,0.9210 ± 0.0107
F1_Macro,2.0,2.0,0.9138,FALSE,0.0193,0.9138 ± 0.0193
F1_Macro,1.0,2.5,0.9050,FALSE,0.0228,0.9050 ± 0.0228
F1_Macro,1.5,2.5,0.9139,FALSE,0.0144,0.9139 ± 0.0144
F1_Macro,2.0,2.5,0.8924,FALSE,0.0175,0.8924 ± 0.0175
F1_Macro,1.0,3.0,0.9139,FALSE,0.0169,0.9139 ± 0.0169
F1_Macro,1.5,3.0,0.9209,FALSE,0.0166,0.9209 ± 0.0166
F1_Macro,2.0,3.0,0.8779,FALSE,0.0362,0.8779 ± 0.0362
F1_Macro,1.0,3.5,0.8979,FALSE,0.0147,0.8979 ± 0.0147
F1_Macro,1.5,3.5,0.9034,FALSE,0.0139,0.9034 ± 0.0139
F1_Macro,2.0,3.5,0.8431,FALSE,0.0897,0.8431 ± 0.0897
F1_Macro,1.0,2.0,0.9086,TRUE,0.0078,0.9086 ± 0.0078
F1_Macro,1.5,2.0,0.9067,TRUE,0.0162,0.9067 ± 0.0162
F1_Macro,2.0,2.0,0.9139,TRUE,0.0169,0.9139 ± 0.0169
F1_Macro,1.0,2.5,0.9014,TRUE,0.0231,0.9014 ± 0.0231
F1_Macro,1.5,2.5,0.9156,TRUE,0.0195,0.9156 ± 0.0195
F1_Macro,2.0,2.5,0.9156,TRUE,0.0195,0.9156 ± 0.0195
F1_Macro,1.0,3.0,0.9086,TRUE,0.0183,0.9086 ± 0.0183
F1_Macro,1.5,3.0,0.9121,TRUE,0.0153,0.9121 ± 0.0153
F1_Macro,2.0,3.0,0.8793,TRUE,0.0376,0.8793 ± 0.0376
F1_Macro,1.0,3.5,0.9138,TRUE,0.0116,0.9138 ± 0.0116
F1_Macro,1.5,3.5,0.8454,TRUE,0.0621,0.8454 ± 0.0621
F1_Macro,2.0,3.5,0.8304,TRUE,0.0872,0.8304 ± 0.0872
FNR_(False_Negative_Rate),1.0,2.0,0.1088,FALSE,0.0419,0.1088 ± 0.0419
FNR_(False_Negative_Rate),1.5,2.0,0.0596,FALSE,0.0235,0.0596 ± 0.0235
FNR_(False_Negative_Rate),2.0,2.0,0.0772,FALSE,0.0474,0.0772 ± 0.0474
FNR_(False_Negative_Rate),1.0,2.5,0.1123,FALSE,0.0628,0.1123 ± 0.0628
FNR_(False_Negative_Rate),1.5,2.5,0.0737,FALSE,0.0471,0.0737 ± 0.0471
FNR_(False_Negative_Rate),2.0,2.5,0.0561,FALSE,0.0400,0.0561 ± 0.0400
FNR_(False_Negative_Rate),1.0,3.0,0.0807,FALSE,0.0423,0.0807 ± 0.0423
FNR_(False_Negative_Rate),1.5,3.0,0.0596,FALSE,0.0294,0.0596 ± 0.0294
FNR_(False_Negative_Rate),2.0,3.0,0.0526,FALSE,0.0411,0.0526 ± 0.0411
FNR_(False_Negative_Rate),1.0,3.5,0.0772,FALSE,0.0490,0.0772 ± 0.0490
FNR_(False_Negative_Rate),1.5,3.5,0.0807,FALSE,0.0364,0.0807 ± 0.0364
FNR_(False_Negative_Rate),2.0,3.5,0.0316,FALSE,0.0337,0.0316 ± 0.0337
FNR_(False_Negative_Rate),1.0,2.0,0.1123,TRUE,0.0364,0.1123 ± 0.0364
FNR_(False_Negative_Rate),1.5,2.0,0.0842,TRUE,0.0546,0.0842 ± 0.0546
FNR_(False_Negative_Rate),2.0,2.0,0.0737,TRUE,0.0288,0.0737 ± 0.0288
FNR_(False_Negative_Rate),1.0,2.5,0.1439,TRUE,0.0574,0.1439 ± 0.0574
FNR_(False_Negative_Rate),1.5,2.5,0.0667,TRUE,0.0288,0.0667 ± 0.0288
FNR_(False_Negative_Rate),2.0,2.5,0.0667,TRUE,0.0288,0.0667 ± 0.0288
FNR_(False_Negative_Rate),1.0,3.0,0.0737,TRUE,0.0419,0.0737 ± 0.0419
FNR_(False_Negative_Rate),1.5,3.0,0.0632,TRUE,0.0342,0.0632 ± 0.0342
FNR_(False_Negative_Rate),2.0,3.0,0.0351,TRUE,0.0215,0.0351 ± 0.0215
FNR_(False_Negative_Rate),1.0,3.5,0.0842,TRUE,0.0600,0.0842 ± 0.0600
FNR_(False_Negative_Rate),1.5,3.5,0.0491,TRUE,0.0471,0.0491 ± 0.0471
FNR_(False_Negative_Rate),2.0,3.5,0.0421,TRUE,0.0404,0.0421 ± 0.0404
FPR_(False_Positive_Rate),1.0,2.0,0.0491,FALSE,0.0229,0.0491 ± 0.0229
FPR_(False_Positive_Rate),1.5,2.0,0.0982,FALSE,0.0294,0.0982 ± 0.0294
FPR_(False_Positive_Rate),2.0,2.0,0.0947,FALSE,0.0590,0.0947 ± 0.0590
FPR_(False_Positive_Rate),1.0,2.5,0.0772,FALSE,0.0505,0.0772 ± 0.0505
FPR_(False_Positive_Rate),1.5,2.5,0.0982,FALSE,0.0319,0.0982 ± 0.0319
FPR_(False_Positive_Rate),2.0,2.5,0.1579,FALSE,0.0595,0.1579 ± 0.0595
FPR_(False_Positive_Rate),1.0,3.0,0.0912,FALSE,0.0625,0.0912 ± 0.0625
FPR_(False_Positive_Rate),1.5,3.0,0.0982,FALSE,0.0505,0.0982 ± 0.0505
FPR_(False_Positive_Rate),2.0,3.0,0.1895,FALSE,0.0872,0.1895 ± 0.0872
FPR_(False_Positive_Rate),1.0,3.5,0.1263,FALSE,0.0637,0.1263 ± 0.0637
FPR_(False_Positive_Rate),1.5,3.5,0.1123,FALSE,0.0404,0.1123 ± 0.0404
FPR_(False_Positive_Rate),2.0,3.5,0.2702,FALSE,0.1783,0.2702 ± 0.1783
FPR_(False_Positive_Rate),1.0,2.0,0.0702,TRUE,0.0430,0.0702 ± 0.0430
FPR_(False_Positive_Rate),1.5,2.0,0.1018,TRUE,0.0673,0.1018 ± 0.0673
FPR_(False_Positive_Rate),2.0,2.0,0.0982,TRUE,0.0457,0.0982 ± 0.0457
FPR_(False_Positive_Rate),1.0,2.5,0.0526,TRUE,0.0277,0.0526 ± 0.0277
FPR_(False_Positive_Rate),1.5,2.5,0.1018,TRUE,0.0600,0.1018 ± 0.0600
FPR_(False_Positive_Rate),2.0,2.5,0.1018,TRUE,0.0600,0.1018 ± 0.0600
FPR_(False_Positive_Rate),1.0,3.0,0.1088,TRUE,0.0600,0.1088 ± 0.0600
FPR_(False_Positive_Rate),1.5,3.0,0.1123,TRUE,0.0505,0.1123 ± 0.0505
FPR_(False_Positive_Rate),2.0,3.0,0.2035,TRUE,0.0900,0.2035 ± 0.0900
FPR_(False_Positive_Rate),1.0,3.5,0.0877,TRUE,0.0526,0.0877 ± 0.0526
FPR_(False_Positive_Rate),1.5,3.5,0.2526,TRUE,0.1572,0.2526 ± 0.1572
FPR_(False_Positive_Rate),2.0,3.5,0.2842,TRUE,0.1911,0.2842 ± 0.1911
Matthews_Correlation_Coefficient,1.0,2.0,0.8447,FALSE,0.0328,0.8447 ± 0.0328
Matthews_Correlation_Coefficient,1.5,2.0,0.8435,FALSE,0.0216,0.8435 ± 0.0216
Matthews_Correlation_Coefficient,2.0,2.0,0.8314,FALSE,0.0337,0.8314 ± 0.0337
Matthews_Correlation_Coefficient,1.0,2.5,0.8146,FALSE,0.0452,0.8146 ± 0.0452
Matthews_Correlation_Coefficient,1.5,2.5,0.8302,FALSE,0.0289,0.8302 ± 0.0289
Matthews_Correlation_Coefficient,2.0,2.5,0.7929,FALSE,0.0278,0.7929 ± 0.0278
Matthews_Correlation_Coefficient,1.0,3.0,0.8315,FALSE,0.0335,0.8315 ± 0.0335
Matthews_Correlation_Coefficient,1.5,3.0,0.8446,FALSE,0.0303,0.8446 ± 0.0303
Matthews_Correlation_Coefficient,2.0,3.0,0.7689,FALSE,0.0631,0.7689 ± 0.0631
Matthews_Correlation_Coefficient,1.0,3.5,0.8014,FALSE,0.0305,0.8014 ± 0.0305
Matthews_Correlation_Coefficient,1.5,3.5,0.8091,FALSE,0.0282,0.8091 ± 0.0282
Matthews_Correlation_Coefficient,2.0,3.5,0.7263,FALSE,0.1187,0.7263 ± 0.1187
Matthews_Correlation_Coefficient,1.0,2.0,0.8203,TRUE,0.0172,0.8203 ± 0.0172
Matthews_Correlation_Coefficient,1.5,2.0,0.8187,TRUE,0.0281,0.8187 ± 0.0281
Matthews_Correlation_Coefficient,2.0,2.0,0.8299,TRUE,0.0333,0.8299 ± 0.0333
Matthews_Correlation_Coefficient,1.0,2.5,0.8087,TRUE,0.0408,0.8087 ± 0.0408
Matthews_Correlation_Coefficient,1.5,2.5,0.8345,TRUE,0.0353,0.8345 ± 0.0353
Matthews_Correlation_Coefficient,2.0,2.5,0.8345,TRUE,0.0353,0.8345 ± 0.0353
Matthews_Correlation_Coefficient,1.0,3.0,0.8211,TRUE,0.0360,0.8211 ± 0.0360
Matthews_Correlation_Coefficient,1.5,3.0,0.8277,TRUE,0.0290,0.8277 ± 0.0290
Matthews_Correlation_Coefficient,2.0,3.0,0.7755,TRUE,0.0582,0.7755 ± 0.0582
Matthews_Correlation_Coefficient,1.0,3.5,0.8321,TRUE,0.0208,0.8321 ± 0.0208
Matthews_Correlation_Coefficient,1.5,3.5,0.7230,TRUE,0.0927,0.7230 ± 0.0927
Matthews_Correlation_Coefficient,2.0,3.5,0.7049,TRUE,0.1189,0.7049 ± 0.1189
NPV_(Negative_Predictive_Value),1.0,2.0,0.8987,FALSE,0.0330,0.8987 ± 0.0330
NPV_(Negative_Predictive_Value),1.5,2.0,0.9387,FALSE,0.0218,0.9387 ± 0.0218
NPV_(Negative_Predictive_Value),2.0,2.0,0.9243,FALSE,0.0383,0.9243 ± 0.0383
NPV_(Negative_Predictive_Value),1.0,2.5,0.8954,FALSE,0.0518,0.8954 ± 0.0518
NPV_(Negative_Predictive_Value),1.5,2.5,0.9269,FALSE,0.0412,0.9269 ± 0.0412
NPV_(Negative_Predictive_Value),2.0,2.5,0.9404,FALSE,0.0362,0.9404 ± 0.0362
NPV_(Negative_Predictive_Value),1.0,3.0,0.9210,FALSE,0.0343,0.9210 ± 0.0343
NPV_(Negative_Predictive_Value),1.5,3.0,0.9394,FALSE,0.0251,0.9394 ± 0.0251
NPV_(Negative_Predictive_Value),2.0,3.0,0.9419,FALSE,0.0373,0.9419 ± 0.0373
NPV_(Negative_Predictive_Value),1.0,3.5,0.9222,FALSE,0.0391,0.9222 ± 0.0391
NPV_(Negative_Predictive_Value),1.5,3.5,0.9184,FALSE,0.0326,0.9184 ± 0.0326
NPV_(Negative_Predictive_Value),2.0,3.5,0.9645,FALSE,0.0344,0.9645 ± 0.0344
NPV_(Negative_Predictive_Value),1.0,2.0,0.8938,TRUE,0.0270,0.8938 ± 0.0270
NPV_(Negative_Predictive_Value),1.5,2.0,0.9182,TRUE,0.0425,0.9182 ± 0.0425
NPV_(Negative_Predictive_Value),2.0,2.0,0.9256,TRUE,0.0257,0.9256 ± 0.0257
NPV_(Negative_Predictive_Value),1.0,2.5,0.8704,TRUE,0.0425,0.8704 ± 0.0425
NPV_(Negative_Predictive_Value),1.5,2.5,0.9325,TRUE,0.0251,0.9325 ± 0.0251
NPV_(Negative_Predictive_Value),2.0,2.5,0.9325,TRUE,0.0251,0.9325 ± 0.0251
NPV_(Negative_Predictive_Value),1.0,3.0,0.9261,TRUE,0.0344,0.9261 ± 0.0344
NPV_(Negative_Predictive_Value),1.5,3.0,0.9353,TRUE,0.0282,0.9353 ± 0.0282
NPV_(Negative_Predictive_Value),2.0,3.0,0.9597,TRUE,0.0197,0.9597 ± 0.0197
NPV_(Negative_Predictive_Value),1.0,3.5,0.9198,TRUE,0.0497,0.9198 ± 0.0497
NPV_(Negative_Predictive_Value),1.5,3.5,0.9459,TRUE,0.0400,0.9459 ± 0.0400
NPV_(Negative_Predictive_Value),2.0,3.5,0.9532,TRUE,0.0383,0.9532 ± 0.0383
PPV_(Positive_Predictive_Value),1.0,2.0,0.9486,FALSE,0.0227,0.9486 ± 0.0227
PPV_(Positive_Predictive_Value),1.5,2.0,0.9063,FALSE,0.0250,0.9063 ± 0.0250
PPV_(Positive_Predictive_Value),2.0,2.0,0.9104,FALSE,0.0469,0.9104 ± 0.0469
PPV_(Positive_Predictive_Value),1.0,2.5,0.9233,FALSE,0.0452,0.9233 ± 0.0452
PPV_(Positive_Predictive_Value),1.5,2.5,0.9055,FALSE,0.0255,0.9055 ± 0.0255
PPV_(Positive_Predictive_Value),2.0,2.5,0.8595,FALSE,0.0416,0.8595 ± 0.0416
PPV_(Positive_Predictive_Value),1.0,3.0,0.9140,FALSE,0.0545,0.9140 ± 0.0545
PPV_(Positive_Predictive_Value),1.5,3.0,0.9078,FALSE,0.0417,0.9078 ± 0.0417
PPV_(Positive_Predictive_Value),2.0,3.0,0.8382,FALSE,0.0627,0.8382 ± 0.0627
PPV_(Positive_Predictive_Value),1.0,3.5,0.8841,FALSE,0.0554,0.8841 ± 0.0554
PPV_(Positive_Predictive_Value),1.5,3.5,0.8928,FALSE,0.0330,0.8928 ± 0.0330
PPV_(Positive_Predictive_Value),2.0,3.5,0.7943,FALSE,0.0948,0.7943 ± 0.0948
PPV_(Positive_Predictive_Value),1.0,2.0,0.9293,TRUE,0.0396,0.9293 ± 0.0396
PPV_(Positive_Predictive_Value),1.5,2.0,0.9051,TRUE,0.0558,0.9051 ± 0.0558
PPV_(Positive_Predictive_Value),2.0,2.0,0.9060,TRUE,0.0389,0.9060 ± 0.0389
PPV_(Positive_Predictive_Value),1.0,2.5,0.9435,TRUE,0.0272,0.9435 ± 0.0272
PPV_(Positive_Predictive_Value),1.5,2.5,0.9048,TRUE,0.0485,0.9048 ± 0.0485
PPV_(Positive_Predictive_Value),2.0,2.5,0.9048,TRUE,0.0485,0.9048 ± 0.0485
PPV_(Positive_Predictive_Value),1.0,3.0,0.8987,TRUE,0.0521,0.8987 ± 0.0521
PPV_(Positive_Predictive_Value),1.5,3.0,0.8955,TRUE,0.0425,0.8955 ± 0.0425
PPV_(Positive_Predictive_Value),2.0,3.0,0.8303,TRUE,0.0602,0.8303 ± 0.0602
PPV_(Positive_Predictive_Value),1.0,3.5,0.9164,TRUE,0.0436,0.9164 ± 0.0436
PPV_(Positive_Predictive_Value),1.5,3.5,0.8038,TRUE,0.1026,0.8038 ± 0.1026
PPV_(Positive_Predictive_Value),2.0,3.5,0.7873,TRUE,0.1099,0.7873 ± 0.1099
Precision(+),1.0,2.0,0.9486,FALSE,0.0227,0.9486 ± 0.0227
Precision(+),1.5,2.0,0.9063,FALSE,0.0250,0.9063 ± 0.0250
Precision(+),2.0,2.0,0.9104,FALSE,0.0469,0.9104 ± 0.0469
Precision(+),1.0,2.5,0.9233,FALSE,0.0452,0.9233 ± 0.0452
Precision(+),1.5,2.5,0.9055,FALSE,0.0255,0.9055 ± 0.0255
Precision(+),2.0,2.5,0.8595,FALSE,0.0416,0.8595 ± 0.0416
Precision(+),1.0,3.0,0.9140,FALSE,0.0545,0.9140 ± 0.0545
Precision(+),1.5,3.0,0.9078,FALSE,0.0417,0.9078 ± 0.0417
Precision(+),2.0,3.0,0.8382,FALSE,0.0627,0.8382 ± 0.0627
Precision(+),1.0,3.5,0.8841,FALSE,0.0554,0.8841 ± 0.0554
Precision(+),1.5,3.5,0.8928,FALSE,0.0330,0.8928 ± 0.0330
Precision(+),2.0,3.5,0.7943,FALSE,0.0948,0.7943 ± 0.0948
Precision(+),1.0,2.0,0.9293,TRUE,0.0396,0.9293 ± 0.0396
Precision(+),1.5,2.0,0.9051,TRUE,0.0558,0.9051 ± 0.0558
Precision(+),2.0,2.0,0.9060,TRUE,0.0389,0.9060 ± 0.0389
Precision(+),1.0,2.5,0.9435,TRUE,0.0272,0.9435 ± 0.0272
Precision(+),1.5,2.5,0.9048,TRUE,0.0485,0.9048 ± 0.0485
Precision(+),2.0,2.5,0.9048,TRUE,0.0485,0.9048 ± 0.0485
Precision(+),1.0,3.0,0.8987,TRUE,0.0521,0.8987 ± 0.0521
Precision(+),1.5,3.0,0.8955,TRUE,0.0425,0.8955 ± 0.0425
Precision(+),2.0,3.0,0.8303,TRUE,0.0602,0.8303 ± 0.0602
Precision(+),1.0,3.5,0.9164,TRUE,0.0436,0.9164 ± 0.0436
Precision(+),1.5,3.5,0.8038,TRUE,0.1026,0.8038 ± 0.1026
Precision(+),2.0,3.5,0.7873,TRUE,0.1099,0.7873 ± 0.1099
Recall(-),1.0,2.0,0.9509,FALSE,0.0229,0.9509 ± 0.0229
Recall(-),1.5,2.0,0.9018,FALSE,0.0294,0.9018 ± 0.0294
Recall(-),2.0,2.0,0.9053,FALSE,0.0590,0.9053 ± 0.0590
Recall(-),1.0,2.5,0.9228,FALSE,0.0505,0.9228 ± 0.0505
Recall(-),1.5,2.5,0.9018,FALSE,0.0319,0.9018 ± 0.0319
Recall(-),2.0,2.5,0.8421,FALSE,0.0595,0.8421 ± 0.0595
Recall(-),1.0,3.0,0.9088,FALSE,0.0625,0.9088 ± 0.0625
Recall(-),1.5,3.0,0.9018,FALSE,0.0505,0.9018 ± 0.0505
Recall(-),2.0,3.0,0.8105,FALSE,0.0872,0.8105 ± 0.0872
Recall(-),1.0,3.5,0.8737,FALSE,0.0637,0.8737 ± 0.0637
Recall(-),1.5,3.5,0.8877,FALSE,0.0404,0.8877 ± 0.0404
Recall(-),2.0,3.5,0.7298,FALSE,0.1783,0.7298 ± 0.1783
Recall(-),1.0,2.0,0.9298,TRUE,0.0430,0.9298 ± 0.0430
Recall(-),1.5,2.0,0.8982,TRUE,0.0673,0.8982 ± 0.0673
Recall(-),2.0,2.0,0.9018,TRUE,0.0457,0.9018 ± 0.0457
Recall(-),1.0,2.5,0.9474,TRUE,0.0277,0.9474 ± 0.0277
Recall(-),1.5,2.5,0.8982,TRUE,0.0600,0.8982 ± 0.0600
Recall(-),2.0,2.5,0.8982,TRUE,0.0600,0.8982 ± 0.0600
Recall(-),1.0,3.0,0.8912,TRUE,0.0600,0.8912 ± 0.0600
Recall(-),1.5,3.0,0.8877,TRUE,0.0505,0.8877 ± 0.0505
Recall(-),2.0,3.0,0.7965,TRUE,0.0900,0.7965 ± 0.0900
Recall(-),1.0,3.5,0.9123,TRUE,0.0526,0.9123 ± 0.0526
Recall(-),1.5,3.5,0.7474,TRUE,0.1572,0.7474 ± 0.1572
Recall(-),2.0,3.5,0.7158,TRUE,0.1911,0.7158 ± 0.1911
Recall(+),1.0,2.0,0.8912,FALSE,0.0419,0.8912 ± 0.0419
Recall(+),1.5,2.0,0.9404,FALSE,0.0235,0.9404 ± 0.0235
Recall(+),2.0,2.0,0.9228,FALSE,0.0474,0.9228 ± 0.0474
Recall(+),1.0,2.5,0.8877,FALSE,0.0628,0.8877 ± 0.0628
Recall(+),1.5,2.5,0.9263,FALSE,0.0471,0.9263 ± 0.0471
Recall(+),2.0,2.5,0.9439,FALSE,0.0400,0.9439 ± 0.0400
Recall(+),1.0,3.0,0.9193,FALSE,0.0423,0.9193 ± 0.0423
Recall(+),1.5,3.0,0.9404,FALSE,0.0294,0.9404 ± 0.0294
Recall(+),2.0,3.0,0.9474,FALSE,0.0411,0.9474 ± 0.0411
Recall(+),1.0,3.5,0.9228,FALSE,0.0490,0.9228 ± 0.0490
Recall(+),1.5,3.5,0.9193,FALSE,0.0364,0.9193 ± 0.0364
Recall(+),2.0,3.5,0.9684,FALSE,0.0337,0.9684 ± 0.0337
Recall(+),1.0,2.0,0.8877,TRUE,0.0364,0.8877 ± 0.0364
Recall(+),1.5,2.0,0.9158,TRUE,0.0546,0.9158 ± 0.0546
Recall(+),2.0,2.0,0.9263,TRUE,0.0288,0.9263 ± 0.0288
Recall(+),1.0,2.5,0.8561,TRUE,0.0574,0.8561 ± 0.0574
Recall(+),1.5,2.5,0.9333,TRUE,0.0288,0.9333 ± 0.0288
Recall(+),2.0,2.5,0.9333,TRUE,0.0288,0.9333 ± 0.0288
Recall(+),1.0,3.0,0.9263,TRUE,0.0419,0.9263 ± 0.0419
Recall(+),1.5,3.0,0.9368,TRUE,0.0342,0.9368 ± 0.0342
Recall(+),2.0,3.0,0.9649,TRUE,0.0215,0.9649 ± 0.0215
Recall(+),1.0,3.5,0.9158,TRUE,0.0600,0.9158 ± 0.0600
Recall(+),1.5,3.5,0.9509,TRUE,0.0471,0.9509 ± 0.0471
Recall(+),2.0,3.5,0.9579,TRUE,0.0404,0.9579 ± 0.0404
Sensitivity_(Recall),1.0,2.0,0.8912,FALSE,0.0419,0.8912 ± 0.0419
Sensitivity_(Recall),1.5,2.0,0.9404,FALSE,0.0235,0.9404 ± 0.0235
Sensitivity_(Recall),2.0,2.0,0.9228,FALSE,0.0474,0.9228 ± 0.0474
Sensitivity_(Recall),1.0,2.5,0.8877,FALSE,0.0628,0.8877 ± 0.0628
Sensitivity_(Recall),1.5,2.5,0.9263,FALSE,0.0471,0.9263 ± 0.0471
Sensitivity_(Recall),2.0,2.5,0.9439,FALSE,0.0400,0.9439 ± 0.0400
Sensitivity_(Recall),1.0,3.0,0.9193,FALSE,0.0423,0.9193 ± 0.0423
Sensitivity_(Recall),1.5,3.0,0.9404,FALSE,0.0294,0.9404 ± 0.0294
Sensitivity_(Recall),2.0,3.0,0.9474,FALSE,0.0411,0.9474 ± 0.0411
Sensitivity_(Recall),1.0,3.5,0.9228,FALSE,0.0490,0.9228 ± 0.0490
Sensitivity_(Recall),1.5,3.5,0.9193,FALSE,0.0364,0.9193 ± 0.0364
Sensitivity_(Recall),2.0,3.5,0.9684,FALSE,0.0337,0.9684 ± 0.0337
Sensitivity_(Recall),1.0,2.0,0.8877,TRUE,0.0364,0.8877 ± 0.0364
Sensitivity_(Recall),1.5,2.0,0.9158,TRUE,0.0546,0.9158 ± 0.0546
Sensitivity_(Recall),2.0,2.0,0.9263,TRUE,0.0288,0.9263 ± 0.0288
Sensitivity_(Recall),1.0,2.5,0.8561,TRUE,0.0574,0.8561 ± 0.0574
Sensitivity_(Recall),1.5,2.5,0.9333,TRUE,0.0288,0.9333 ± 0.0288
Sensitivity_(Recall),2.0,2.5,0.9333,TRUE,0.0288,0.9333 ± 0.0288
Sensitivity_(Recall),1.0,3.0,0.9263,TRUE,0.0419,0.9263 ± 0.0419
Sensitivity_(Recall),1.5,3.0,0.9368,TRUE,0.0342,0.9368 ± 0.0342
Sensitivity_(Recall),2.0,3.0,0.9649,TRUE,0.0215,0.9649 ± 0.0215
Sensitivity_(Recall),1.0,3.5,0.9158,TRUE,0.0600,0.9158 ± 0.0600
Sensitivity_(Recall),1.5,3.5,0.9509,TRUE,0.0471,0.9509 ± 0.0471
Sensitivity_(Recall),2.0,3.5,0.9579,TRUE,0.0404,0.9579 ± 0.0404
Specificity,1.0,2.0,0.9509,FALSE,0.0229,0.9509 ± 0.0229
Specificity,1.5,2.0,0.9018,FALSE,0.0294,0.9018 ± 0.0294
Specificity,2.0,2.0,0.9053,FALSE,0.0590,0.9053 ± 0.0590
Specificity,1.0,2.5,0.9228,FALSE,0.0505,0.9228 ± 0.0505
Specificity,1.5,2.5,0.9018,FALSE,0.0319,0.9018 ± 0.0319
Specificity,2.0,2.5,0.8421,FALSE,0.0595,0.8421 ± 0.0595
Specificity,1.0,3.0,0.9088,FALSE,0.0625,0.9088 ± 0.0625
Specificity,1.5,3.0,0.9018,FALSE,0.0505,0.9018 ± 0.0505
Specificity,2.0,3.0,0.8105,FALSE,0.0872,0.8105 ± 0.0872
Specificity,1.0,3.5,0.8737,FALSE,0.0637,0.8737 ± 0.0637
Specificity,1.5,3.5,0.8877,FALSE,0.0404,0.8877 ± 0.0404
Specificity,2.0,3.5,0.7298,FALSE,0.1783,0.7298 ± 0.1783
Specificity,1.0,2.0,0.9298,TRUE,0.0430,0.9298 ± 0.0430
Specificity,1.5,2.0,0.8982,TRUE,0.0673,0.8982 ± 0.0673
Specificity,2.0,2.0,0.9018,TRUE,0.0457,0.9018 ± 0.0457
Specificity,1.0,2.5,0.9474,TRUE,0.0277,0.9474 ± 0.0277
Specificity,1.5,2.5,0.8982,TRUE,0.0600,0.8982 ± 0.0600
Specificity,2.0,2.5,0.8982,TRUE,0.0600,0.8982 ± 0.0600
Specificity,1.0,3.0,0.8912,TRUE,0.0600,0.8912 ± 0.0600
Specificity,1.5,3.0,0.8877,TRUE,0.0505,0.8877 ± 0.0505
Specificity,2.0,3.0,0.7965,TRUE,0.0900,0.7965 ± 0.0900
Specificity,1.0,3.5,0.9123,TRUE,0.0526,0.9123 ± 0.0526
Specificity,1.5,3.5,0.7474,TRUE,0.1572,0.7474 ± 0.1572
Specificity,2.0,3.5,0.7158,TRUE,0.1911,0.7158 ± 0.1911
