Metric,Pos_Weight,Gamma,Mean_Transfer_Learning_False,Mean_Transfer_Learning_True,Std_Transfer_Learning_False,Std_Transfer_Learning_True,Difference_True_Minus_False,Propagated_Std_True_Minus_False
Accuracy,1.0,2.0,0.9211,0.9088,0.0175,0.0078,-0.012299999999999978,0.019159592897553958
Accuracy,1.0,2.5,0.9053,0.9018,0.0227,0.0227,-0.0034999999999999476,0.032102647865869256
Accuracy,1.0,3.0,0.914,0.9088,0.0169,0.0182,-0.005199999999999982,0.02483646512690564
Accuracy,1.0,3.5,0.8982,0.914,0.0147,0.0114,0.015800000000000036,0.018602419197512994
Accuracy,1.5,2.0,0.9211,0.907,0.0107,0.0159,-0.014100000000000001,0.019165072397463047
Accuracy,1.5,2.5,0.914,0.9158,0.0144,0.0192,0.0017999999999999128,0.023999999999999997
Accuracy,1.5,3.0,0.9211,0.9123,0.0164,0.0152,-0.00880000000000003,0.022360679774997897
Accuracy,1.5,3.5,0.9035,0.8491,0.0139,0.058,-0.054400000000000004,0.05964235072496724
Accuracy,2.0,2.0,0.914,0.914,0.019,0.0169,0.0,0.025428527287281108
Accuracy,2.0,2.5,0.893,0.9158,0.0169,0.0192,0.02279999999999993,0.025578311124857322
Accuracy,2.0,3.0,0.8789,0.8807,0.0353,0.036,0.0018000000000000238,0.0504191431898639
Accuracy,2.0,3.5,0.8491,0.8368,0.0783,0.0781,-0.012299999999999978,0.1105915910004011
Balanced_Accuracy,1.0,2.0,0.9211,0.9088,0.0175,0.0078,-0.012299999999999978,0.019159592897553958
Balanced_Accuracy,1.0,2.5,0.9053,0.9018,0.0227,0.0227,-0.0034999999999999476,0.032102647865869256
Balanced_Accuracy,1.0,3.0,0.914,0.9088,0.0169,0.0182,-0.005199999999999982,0.02483646512690564
Balanced_Accuracy,1.0,3.5,0.8982,0.914,0.0147,0.0114,0.015800000000000036,0.018602419197512994
Balanced_Accuracy,1.5,2.0,0.9211,0.907,0.0107,0.0159,-0.014100000000000001,0.019165072397463047
Balanced_Accuracy,1.5,2.5,0.914,0.9158,0.0144,0.0192,0.0017999999999999128,0.023999999999999997
Balanced_Accuracy,1.5,3.0,0.9211,0.9123,0.0164,0.0152,-0.00880000000000003,0.022360679774997897
Balanced_Accuracy,1.5,3.5,0.9035,0.8491,0.0139,0.058,-0.054400000000000004,0.05964235072496724
Balanced_Accuracy,2.0,2.0,0.914,0.914,0.019,0.0169,0.0,0.025428527287281108
Balanced_Accuracy,2.0,2.5,0.893,0.9158,0.0169,0.0192,0.02279999999999993,0.025578311124857322
Balanced_Accuracy,2.0,3.0,0.8789,0.8807,0.0353,0.036,0.0018000000000000238,0.0504191431898639
Balanced_Accuracy,2.0,3.5,0.8491,0.8368,0.0783,0.0781,-0.012299999999999978,0.1105915910004011
Cohen_Kappa,1.0,2.0,0.8421,0.8175,0.0351,0.0157,-0.024599999999999955,0.03845126785946076
Cohen_Kappa,1.0,2.5,0.8105,0.8035,0.0454,0.0454,-0.007000000000000006,0.06420529573173851
Cohen_Kappa,1.0,3.0,0.8281,0.8175,0.0337,0.0364,-0.010599999999999943,0.04960493927019768
Cohen_Kappa,1.0,3.5,0.7965,0.8281,0.0294,0.0229,0.03159999999999996,0.03726620452903676
Cohen_Kappa,1.5,2.0,0.8421,0.814,0.0215,0.0319,-0.028100000000000014,0.038468948516953254
Cohen_Kappa,1.5,2.5,0.8281,0.8316,0.0288,0.0384,0.0035000000000000586,0.047999999999999994
Cohen_Kappa,1.5,3.0,0.8421,0.8246,0.0328,0.0304,-0.01749999999999996,0.044721359549995794
Cohen_Kappa,1.5,3.5,0.807,0.6982,0.0277,0.116,-0.10880000000000001,0.11926143551039456
Cohen_Kappa,2.0,2.0,0.8281,0.8281,0.038,0.0337,0.0,0.05079064874561064
Cohen_Kappa,2.0,2.5,0.786,0.8316,0.0337,0.0384,0.045599999999999974,0.051090605790105874
Cohen_Kappa,2.0,3.0,0.7579,0.7614,0.0706,0.0719,0.0034999999999999476,0.10076690925100362
Cohen_Kappa,2.0,3.5,0.6982,0.6737,0.1566,0.1562,-0.024500000000000077,0.2211831820008022
F1_Macro,1.0,2.0,0.9209,0.9086,0.0177,0.0078,-0.012300000000000089,0.019342440383777845
F1_Macro,1.0,2.5,0.905,0.9014,0.0228,0.0231,-0.0036000000000000476,0.03245689449100145
F1_Macro,1.0,3.0,0.9139,0.9086,0.0169,0.0183,-0.005300000000000082,0.0249098374141623
F1_Macro,1.0,3.5,0.8979,0.9138,0.0147,0.0116,0.015899999999999914,0.018725650856512305
F1_Macro,1.5,2.0,0.921,0.9067,0.0107,0.0162,-0.01430000000000009,0.01941468516355596
F1_Macro,1.5,2.5,0.9139,0.9156,0.0144,0.0195,0.0016999999999999238,0.024240668307618913
F1_Macro,1.5,3.0,0.9209,0.9121,0.0166,0.0153,-0.00880000000000003,0.022575429121059913
F1_Macro,1.5,3.5,0.9034,0.8454,0.0139,0.0621,-0.05799999999999994,0.06363662467478928
F1_Macro,2.0,2.0,0.9138,0.9139,0.0193,0.0169,0.00010000000000010001,0.025653459805648048
F1_Macro,2.0,2.5,0.8924,0.9156,0.0175,0.0195,0.0232,0.026201145013147804
F1_Macro,2.0,3.0,0.8779,0.8793,0.0362,0.0376,0.0013999999999999568,0.052193869371795
F1_Macro,2.0,3.5,0.8431,0.8304,0.0897,0.0872,-0.012699999999999934,0.12509968025538673
FNR_(False_Negative_Rate),1.0,2.0,0.1088,0.1123,0.0419,0.0364,0.003500000000000003,0.05550288280801277
FNR_(False_Negative_Rate),1.0,2.5,0.1123,0.1439,0.0628,0.0574,0.0316,0.08507996238833207
FNR_(False_Negative_Rate),1.0,3.0,0.0807,0.0737,0.0423,0.0419,-0.006999999999999992,0.05953906280753838
FNR_(False_Negative_Rate),1.0,3.5,0.0772,0.0842,0.049,0.06,0.006999999999999992,0.07746612162745725
FNR_(False_Negative_Rate),1.5,2.0,0.0596,0.0842,0.0235,0.0546,0.024599999999999997,0.05944249321823573
FNR_(False_Negative_Rate),1.5,2.5,0.0737,0.0667,0.0471,0.0288,-0.007000000000000006,0.055207336468987525
FNR_(False_Negative_Rate),1.5,3.0,0.0596,0.0632,0.0294,0.0342,0.003600000000000006,0.045099889135118726
FNR_(False_Negative_Rate),1.5,3.5,0.0807,0.0491,0.0364,0.0471,-0.031599999999999996,0.05952621271339208
FNR_(False_Negative_Rate),2.0,2.0,0.0772,0.0737,0.0474,0.0288,-0.003500000000000003,0.055463501512255785
FNR_(False_Negative_Rate),2.0,2.5,0.0561,0.0667,0.04,0.0288,0.010599999999999998,0.04928934976239796
FNR_(False_Negative_Rate),2.0,3.0,0.0526,0.0351,0.0411,0.0215,-0.0175,0.04638383339052519
FNR_(False_Negative_Rate),2.0,3.5,0.0316,0.0421,0.0337,0.0404,0.010499999999999995,0.052610360196448
FPR_(False_Positive_Rate),1.0,2.0,0.0491,0.0702,0.0229,0.043,0.0211,0.04871765593704196
FPR_(False_Positive_Rate),1.0,2.5,0.0772,0.0526,0.0505,0.0277,-0.024600000000000004,0.05759809024611841
FPR_(False_Positive_Rate),1.0,3.0,0.0912,0.1088,0.0625,0.06,0.01759999999999999,0.08663861725581729
FPR_(False_Positive_Rate),1.0,3.5,0.1263,0.0877,0.0637,0.0526,-0.038599999999999995,0.0826102293907964
FPR_(False_Positive_Rate),1.5,2.0,0.0982,0.1018,0.0294,0.0673,0.003600000000000006,0.07344147329676877
FPR_(False_Positive_Rate),1.5,2.5,0.0982,0.1018,0.0319,0.06,0.003600000000000006,0.06795299846217236
FPR_(False_Positive_Rate),1.5,3.0,0.0982,0.1123,0.0505,0.0505,0.014100000000000001,0.07141778489984131
FPR_(False_Positive_Rate),1.5,3.5,0.1123,0.2526,0.0404,0.1572,0.14029999999999998,0.16230834852218787
FPR_(False_Positive_Rate),2.0,2.0,0.0947,0.0982,0.059,0.0457,0.0034999999999999892,0.07462901580484631
FPR_(False_Positive_Rate),2.0,2.5,0.1579,0.1018,0.0595,0.06,-0.05610000000000001,0.08449999999999999
FPR_(False_Positive_Rate),2.0,3.0,0.1895,0.2035,0.0872,0.09,0.013999999999999985,0.12531496319274885
FPR_(False_Positive_Rate),2.0,3.5,0.2702,0.2842,0.1783,0.1911,0.014000000000000012,0.26136200948110266
Matthews_Correlation_Coefficient,1.0,2.0,0.8447,0.8203,0.0328,0.0172,-0.024399999999999977,0.03703619850902628
Matthews_Correlation_Coefficient,1.0,2.5,0.8146,0.8087,0.0452,0.0408,-0.005900000000000016,0.060890721789119896
Matthews_Correlation_Coefficient,1.0,3.0,0.8315,0.8211,0.0335,0.036,-0.010399999999999965,0.049175705383857994
Matthews_Correlation_Coefficient,1.0,3.5,0.8014,0.8321,0.0305,0.0208,0.03069999999999995,0.036917340099199995
Matthews_Correlation_Coefficient,1.5,2.0,0.8435,0.8187,0.0216,0.0281,-0.024800000000000044,0.035442488625941605
Matthews_Correlation_Coefficient,1.5,2.5,0.8302,0.8345,0.0289,0.0353,0.0042999999999999705,0.045621266970569764
Matthews_Correlation_Coefficient,1.5,3.0,0.8446,0.8277,0.0303,0.029,-0.016900000000000026,0.04194150688756903
Matthews_Correlation_Coefficient,1.5,3.5,0.8091,0.723,0.0282,0.0927,-0.08610000000000007,0.09689442708432722
Matthews_Correlation_Coefficient,2.0,2.0,0.8314,0.8299,0.0337,0.0333,-0.0015000000000000568,0.04737699863857989
Matthews_Correlation_Coefficient,2.0,2.5,0.7929,0.8345,0.0278,0.0353,0.04159999999999997,0.04493250493796222
Matthews_Correlation_Coefficient,2.0,3.0,0.7689,0.7755,0.0631,0.0582,0.006599999999999939,0.08584200603434194
Matthews_Correlation_Coefficient,2.0,3.5,0.7263,0.7049,0.1187,0.1189,-0.021399999999999975,0.16800863073068598
NPV_(Negative_Predictive_Value),1.0,2.0,0.8987,0.8938,0.033,0.027,-0.0049000000000000155,0.04263801121065569
NPV_(Negative_Predictive_Value),1.0,2.5,0.8954,0.8704,0.0518,0.0425,-0.025000000000000022,0.06700365661663549
NPV_(Negative_Predictive_Value),1.0,3.0,0.921,0.9261,0.0343,0.0344,0.005099999999999993,0.04857828733086419
NPV_(Negative_Predictive_Value),1.0,3.5,0.9222,0.9198,0.0391,0.0497,-0.0024000000000000687,0.06323685634185179
NPV_(Negative_Predictive_Value),1.5,2.0,0.9387,0.9182,0.0218,0.0425,-0.020499999999999963,0.047764945305108435
NPV_(Negative_Predictive_Value),1.5,2.5,0.9269,0.9325,0.0412,0.0251,0.005600000000000049,0.04824365243221122
NPV_(Negative_Predictive_Value),1.5,3.0,0.9394,0.9353,0.0251,0.0282,-0.0040999999999999925,0.03775248336202534
NPV_(Negative_Predictive_Value),1.5,3.5,0.9184,0.9459,0.0326,0.04,0.02749999999999997,0.051601937948104235
NPV_(Negative_Predictive_Value),2.0,2.0,0.9243,0.9256,0.0383,0.0257,0.0012999999999999678,0.046123529786866915
NPV_(Negative_Predictive_Value),2.0,2.5,0.9404,0.9325,0.0362,0.0251,-0.007900000000000018,0.04405053915674586
NPV_(Negative_Predictive_Value),2.0,3.0,0.9419,0.9597,0.0373,0.0197,0.017800000000000038,0.04218269787483963
NPV_(Negative_Predictive_Value),2.0,3.5,0.9645,0.9532,0.0344,0.0383,-0.011299999999999977,0.05148057886232438
PPV_(Positive_Predictive_Value),1.0,2.0,0.9486,0.9293,0.0227,0.0396,-0.019299999999999984,0.04564482446017293
PPV_(Positive_Predictive_Value),1.0,2.5,0.9233,0.9435,0.0452,0.0272,0.020199999999999996,0.052753009392829904
PPV_(Positive_Predictive_Value),1.0,3.0,0.914,0.8987,0.0545,0.0521,-0.01529999999999998,0.075396684277228
PPV_(Positive_Predictive_Value),1.0,3.5,0.8841,0.9164,0.0554,0.0436,0.032299999999999995,0.07049907800815554
PPV_(Positive_Predictive_Value),1.5,2.0,0.9063,0.9051,0.025,0.0558,-0.0011999999999999789,0.06114441920568058
PPV_(Positive_Predictive_Value),1.5,2.5,0.9055,0.9048,0.0255,0.0485,-0.0006999999999999229,0.05479507277118993
PPV_(Positive_Predictive_Value),1.5,3.0,0.9078,0.8955,0.0417,0.0425,-0.012300000000000089,0.05954107825694795
PPV_(Positive_Predictive_Value),1.5,3.5,0.8928,0.8038,0.033,0.1026,-0.08900000000000008,0.10777643527228017
PPV_(Positive_Predictive_Value),2.0,2.0,0.9104,0.906,0.0469,0.0389,-0.0043999999999999595,0.06093291392999353
PPV_(Positive_Predictive_Value),2.0,2.5,0.8595,0.9048,0.0416,0.0485,0.04530000000000001,0.06389687003288971
PPV_(Positive_Predictive_Value),2.0,3.0,0.8382,0.8303,0.0627,0.0602,-0.007899999999999907,0.08692140127724587
PPV_(Positive_Predictive_Value),2.0,3.5,0.7943,0.7873,0.0948,0.1099,-0.007000000000000006,0.14513803774338416
Precision(+),1.0,2.0,0.9486,0.9293,0.0227,0.0396,-0.019299999999999984,0.04564482446017293
Precision(+),1.0,2.5,0.9233,0.9435,0.0452,0.0272,0.020199999999999996,0.052753009392829904
Precision(+),1.0,3.0,0.914,0.8987,0.0545,0.0521,-0.01529999999999998,0.075396684277228
Precision(+),1.0,3.5,0.8841,0.9164,0.0554,0.0436,0.032299999999999995,0.07049907800815554
Precision(+),1.5,2.0,0.9063,0.9051,0.025,0.0558,-0.0011999999999999789,0.06114441920568058
Precision(+),1.5,2.5,0.9055,0.9048,0.0255,0.0485,-0.0006999999999999229,0.05479507277118993
Precision(+),1.5,3.0,0.9078,0.8955,0.0417,0.0425,-0.012300000000000089,0.05954107825694795
Precision(+),1.5,3.5,0.8928,0.8038,0.033,0.1026,-0.08900000000000008,0.10777643527228017
Precision(+),2.0,2.0,0.9104,0.906,0.0469,0.0389,-0.0043999999999999595,0.06093291392999353
Precision(+),2.0,2.5,0.8595,0.9048,0.0416,0.0485,0.04530000000000001,0.06389687003288971
Precision(+),2.0,3.0,0.8382,0.8303,0.0627,0.0602,-0.007899999999999907,0.08692140127724587
Precision(+),2.0,3.5,0.7943,0.7873,0.0948,0.1099,-0.007000000000000006,0.14513803774338416
Recall(+),1.0,2.0,0.8912,0.8877,0.0419,0.0364,-0.0034999999999999476,0.05550288280801277
Recall(+),1.0,2.5,0.8877,0.8561,0.0628,0.0574,-0.03160000000000007,0.08507996238833207
Recall(+),1.0,3.0,0.9193,0.9263,0.0423,0.0419,0.007000000000000006,0.05953906280753838
Recall(+),1.0,3.5,0.9228,0.9158,0.049,0.06,-0.007000000000000006,0.07746612162745725
Recall(+),1.5,2.0,0.9404,0.9158,0.0235,0.0546,-0.024600000000000066,0.05944249321823573
Recall(+),1.5,2.5,0.9263,0.9333,0.0471,0.0288,0.007000000000000006,0.055207336468987525
Recall(+),1.5,3.0,0.9404,0.9368,0.0294,0.0342,-0.0036000000000000476,0.045099889135118726
Recall(+),1.5,3.5,0.9193,0.9509,0.0364,0.0471,0.03159999999999996,0.05952621271339208
Recall(+),2.0,2.0,0.9228,0.9263,0.0474,0.0288,0.0035000000000000586,0.055463501512255785
Recall(+),2.0,2.5,0.9439,0.9333,0.04,0.0288,-0.010599999999999943,0.04928934976239796
Recall(+),2.0,3.0,0.9474,0.9649,0.0411,0.0215,0.01749999999999996,0.04638383339052519
Recall(+),2.0,3.5,0.9684,0.9579,0.0337,0.0404,-0.010500000000000065,0.052610360196448
Recall(-),1.0,2.0,0.9509,0.9298,0.0229,0.043,-0.021100000000000008,0.04871765593704196
Recall(-),1.0,2.5,0.9228,0.9474,0.0505,0.0277,0.024600000000000066,0.05759809024611841
Recall(-),1.0,3.0,0.9088,0.8912,0.0625,0.06,-0.01760000000000006,0.08663861725581729
Recall(-),1.0,3.5,0.8737,0.9123,0.0637,0.0526,0.03859999999999997,0.0826102293907964
Recall(-),1.5,2.0,0.9018,0.8982,0.0294,0.0673,-0.0036000000000000476,0.07344147329676877
Recall(-),1.5,2.5,0.9018,0.8982,0.0319,0.06,-0.0036000000000000476,0.06795299846217236
Recall(-),1.5,3.0,0.9018,0.8877,0.0505,0.0505,-0.014100000000000001,0.07141778489984131
Recall(-),1.5,3.5,0.8877,0.7474,0.0404,0.1572,-0.1403000000000001,0.16230834852218787
Recall(-),2.0,2.0,0.9053,0.9018,0.059,0.0457,-0.0034999999999999476,0.07462901580484631
Recall(-),2.0,2.5,0.8421,0.8982,0.0595,0.06,0.05610000000000004,0.08449999999999999
Recall(-),2.0,3.0,0.8105,0.7965,0.0872,0.09,-0.014000000000000012,0.12531496319274885
Recall(-),2.0,3.5,0.7298,0.7158,0.1783,0.1911,-0.014000000000000012,0.26136200948110266
Sensitivity_(Recall),1.0,2.0,0.8912,0.8877,0.0419,0.0364,-0.0034999999999999476,0.05550288280801277
Sensitivity_(Recall),1.0,2.5,0.8877,0.8561,0.0628,0.0574,-0.03160000000000007,0.08507996238833207
Sensitivity_(Recall),1.0,3.0,0.9193,0.9263,0.0423,0.0419,0.007000000000000006,0.05953906280753838
Sensitivity_(Recall),1.0,3.5,0.9228,0.9158,0.049,0.06,-0.007000000000000006,0.07746612162745725
Sensitivity_(Recall),1.5,2.0,0.9404,0.9158,0.0235,0.0546,-0.024600000000000066,0.05944249321823573
Sensitivity_(Recall),1.5,2.5,0.9263,0.9333,0.0471,0.0288,0.007000000000000006,0.055207336468987525
Sensitivity_(Recall),1.5,3.0,0.9404,0.9368,0.0294,0.0342,-0.0036000000000000476,0.045099889135118726
Sensitivity_(Recall),1.5,3.5,0.9193,0.9509,0.0364,0.0471,0.03159999999999996,0.05952621271339208
Sensitivity_(Recall),2.0,2.0,0.9228,0.9263,0.0474,0.0288,0.0035000000000000586,0.055463501512255785
Sensitivity_(Recall),2.0,2.5,0.9439,0.9333,0.04,0.0288,-0.010599999999999943,0.04928934976239796
Sensitivity_(Recall),2.0,3.0,0.9474,0.9649,0.0411,0.0215,0.01749999999999996,0.04638383339052519
Sensitivity_(Recall),2.0,3.5,0.9684,0.9579,0.0337,0.0404,-0.010500000000000065,0.052610360196448
Specificity,1.0,2.0,0.9509,0.9298,0.0229,0.043,-0.021100000000000008,0.04871765593704196
Specificity,1.0,2.5,0.9228,0.9474,0.0505,0.0277,0.024600000000000066,0.05759809024611841
Specificity,1.0,3.0,0.9088,0.8912,0.0625,0.06,-0.01760000000000006,0.08663861725581729
Specificity,1.0,3.5,0.8737,0.9123,0.0637,0.0526,0.03859999999999997,0.0826102293907964
Specificity,1.5,2.0,0.9018,0.8982,0.0294,0.0673,-0.0036000000000000476,0.07344147329676877
Specificity,1.5,2.5,0.9018,0.8982,0.0319,0.06,-0.0036000000000000476,0.06795299846217236
Specificity,1.5,3.0,0.9018,0.8877,0.0505,0.0505,-0.014100000000000001,0.07141778489984131
Specificity,1.5,3.5,0.8877,0.7474,0.0404,0.1572,-0.1403000000000001,0.16230834852218787
Specificity,2.0,2.0,0.9053,0.9018,0.059,0.0457,-0.0034999999999999476,0.07462901580484631
Specificity,2.0,2.5,0.8421,0.8982,0.0595,0.06,0.05610000000000004,0.08449999999999999
Specificity,2.0,3.0,0.8105,0.7965,0.0872,0.09,-0.014000000000000012,0.12531496319274885
Specificity,2.0,3.5,0.7298,0.7158,0.1783,0.1911,-0.014000000000000012,0.26136200948110266
